[
{
  "model": "api.blogsdata",
  "pk": 2,
  "fields": {
    "metadata": {
      "site_title": "Tech Blog",
      "site_description": "Insights on Software Development, AI, and Technology",
      "posts_per_page": 6,
      "author_default": "Utsho Dey",
      "author_image_default": "/images/profile.jpg"
    },
    "blogs": [],
    "future_topics": [
      {
        "topic": "Machine Learning & AI",
        "description": "Deep dives into ML algorithms, LLM integration, prompt engineering, and practical AI applications in real-world projects.",
        "icon": "🤖"
      },
      {
        "topic": "Backend Development",
        "description": "Best practices for building scalable backend systems with Python, FastAPI, Spring Boot, microservices architecture, and database optimization.",
        "icon": "⚙️"
      },
      {
        "topic": "Cloud & DevOps",
        "description": "Tutorials on Docker, Kubernetes, CI/CD pipelines, AWS services, and modern deployment strategies.",
        "icon": "☁️"
      },
      {
        "topic": "System Design",
        "description": "Exploring distributed systems, scalability patterns, database design, and architectural decisions for enterprise applications.",
        "icon": "🏗️"
      },
      {
        "topic": "Full Stack Development",
        "description": "End-to-end development guides covering frontend frameworks (React), backend APIs, database management, and deployment.",
        "icon": "💻"
      },
      {
        "topic": "Data Science & Analytics",
        "description": "Data preprocessing, visualization, statistical analysis, and building recommendation systems.",
        "icon": "📊"
      },
      {
        "topic": "Software Engineering Best Practices",
        "description": "Code quality, testing strategies, design patterns, SOLID principles, and maintaining clean codebases.",
        "icon": "✨"
      },
      {
        "topic": "Career & Learning",
        "description": "Tips for career growth in tech, learning resources, interview preparation, and navigating the software engineering landscape.",
        "icon": "🚀"
      }
    ]
  }
}
]
