[
{
  "model": "api.mediafile",
  "pk": 1,
  "fields": {
    "uuid": "f52929a7-315b-4a5e-ae06-d2171928481c",
    "slug": "utsho-dey-profile-photo",
    "file": "secure_storage/image/f52929a7-315b-4a5e-ae06-d2171928481c.jpeg",
    "file_type": "image",
    "original_filename": "utsho.jpeg",
    "file_size": 55375,
    "mime_type": "",
    "title": "",
    "alt_text": "",
    "uploaded_at": "2025-11-11T15:37:28.704Z",
    "updated_at": "2025-11-11T15:37:28.704Z",
    "is_public": true
  }
}
]
