[
{
  "model": "api.researchpublication",
  "pk": 2,
  "fields": {
    "slug": "skin-cancer-cnn-research",
    "title": "Application of Deep Convolutional Neural Network in Multiclass Skin Cancer Classification Using Custom CNN Architecture",
    "authors": [
      "Nadia Shafique",
      "Kaynat Bint Shaheen",
      "Zarjis Husain Sikder",
      "Utsho Dey",
      "Sharforaz Rahman Swacha"
    ],
    "publication_date": "2023",
    "institution": "Brac University",
    "publication_type": "Undergraduate Thesis / Research Paper",
    "description": "This research proposes a custom CNN architecture for the classification of multiple skin diseases using 28x28 RGB images from the HAM10000 dataset. The model demonstrates superior performance in accuracy and efficiency compared to established pre-trained networks like ResNet50 and EfficientNetB0/B2.",
    "objectives": [
      "Develop a custom CNN model for multiclass skin disease classification.",
      "Compare performance with pre-trained models (ResNet50, EfficientNetB0/B2).",
      "Reduce training time and parameter complexity for efficient deployment."
    ],
    "dataset": "HAM10000",
    "metrics": [
      "Accuracy",
      "Precision",
      "Recall",
      "F1-Score"
    ],
    "comparison_models": [
      "ResNet50",
      "EfficientNetB0",
      "EfficientNetB2"
    ],
    "results_summary": "The proposed model achieved higher test accuracy with fewer trainable parameters and faster training per epoch than existing pre-trained models, making it suitable for resource-constrained environments.",
    "highlights": [
      "Improved test accuracy and reduced test loss.",
      "Lightweight model with lower computational requirements.",
      "Demonstrates potential for clinical diagnostic deployment."
    ],
    "tags": [
      "Deep Learning",
      "CNN",
      "Medical Imaging",
      "Healthcare AI",
      "Computer Vision"
    ],
    "url": "",
    "is_visible": true,
    "display_order": 1,
    "cover_image": "",
    "created_at": "2025-11-11T15:34:53.124Z",
    "updated_at": "2025-11-11T15:34:53.124Z"
  }
},
{
  "model": "api.researchpublication",
  "pk": 3,
  "fields": {
    "slug": "house-price-prediction",
    "title": "Tailored House Price Prediction Insights for Dhaka and Chittagong City",
    "authors": [
      "Utsho Dey",
      "Md Sakhawat Hossain Rabbi",
      "Md Abrar Hamim",
      "Md Tarek Habib"
    ],
    "publication_date": "2024-09-11",
    "institution": "Brac University",
    "publication_type": "Conference Paper",
    "description": "This paper explores the use of advanced machine learning models to predict housing prices in Dhaka and Chittagong. Using a 3-year dataset, the study applies models such as XGBoost, Random Forest, and Linear Regression to evaluate performance based on R-squared and MSE metrics.",
    "objectives": [
      "Build accurate predictive models for house pricing in Bangladesh.",
      "Analyze the impact of data preprocessing and feature scaling on model accuracy.",
      "Compare traditional and ensemble ML methods for prediction."
    ],
    "dataset": "bdproperty.com (3-year dataset)",
    "metrics": [
      "R²",
      "Mean Squared Error (MSE)"
    ],
    "comparison_models": [
      "Linear Regression",
      "Random Forest",
      "XGBoost"
    ],
    "results_summary": "Random Forest achieved the highest prediction accuracy, emphasizing the significance of preprocessing and feature selection for regression tasks.",
    "highlights": [
      "Comprehensive study on Dhaka and Chittagong housing markets.",
      "Feature scaling significantly improved performance metrics.",
      "Published in Springer Nature's conference proceedings."
    ],
    "tags": [
      "Machine Learning",
      "Regression",
      "Real Estate Analytics",
      "Data Science",
      "XGBoost"
    ],
    "url": "",
    "is_visible": true,
    "display_order": 2,
    "cover_image": "",
    "created_at": "2025-11-11T15:34:53.125Z",
    "updated_at": "2025-11-11T15:34:53.125Z"
  }
}
]
